id,name,email,gender
1,Vanny,vkording0@usnews.com,Female
2,Olympe,ofeild1@liveinternet.ru,Female
3,Wilfrid,wburkett2@feedburner.com,Non-binary
4,Gwenette,gjuste3@yellowbook.com,Female
5,Lotte,lwallerbridge4@intel.com,Female
6,Sonni,schaster5@mediafire.com,Female
7,Goldie,gskaifedingerthorpe6@lycos.com,Female
8,Lauri,lphilp7@yahoo.co.jp,Female
9,Colin,cconway8@ucla.edu,Male
10,Forester,fhevey9@usgs.gov,Bigender
11,Allys,amordantia@jalbum.net,Female
12,Phyllis,pwedmoreb@wordpress.com,Female
13,Hussein,htappingc@netscape.com,Male
14,Adlai,afranzked@ustream.tv,Male
15,Bambie,brenade@shop-pro.jp,Female
16,Orton,ocorrof@dedecms.com,Male
17,Darryl,dpoytresg@mysql.com,Female
18,Law,lonolanh@networkadvertising.org,Male
19,Gayle,gbaukhami@shop-pro.jp,Female
20,Duky,dinnerstonej@blogspot.com,Male
21,Dionis,dfleckneyk@360.cn,Female
22,Aristotle,aantonovl@t.co,Male
23,Lizabeth,licetonm@ning.com,Female
24,Fin,fduddingn@prnewswire.com,Male
25,Mac,mcarraboto@archive.org,Male
26,Verena,vfryettp@google.es,Female
27,Dodie,dkahaneq@1und1.de,Non-binary
28,Elva,ebrachr@nsw.gov.au,Female
29,Katha,kkemishs@bloglines.com,Female
30,Hamlin,hbalket@epa.gov,Male
31,Mandie,mforringtonu@paginegialle.it,Female
32,Halimeda,hnanelliv@weather.com,Female
33,Zollie,zgeneverw@webnode.com,Male
34,Kacy,kbartoshevichx@tripod.com,Female
35,Loy,lbellangery@discuz.net,Male
36,Jarib,jkollasz@mapquest.com,Male
37,Barde,blotte10@howstuffworks.com,Male
38,Vonny,vmansour11@berkeley.edu,Female
39,Randy,rgrimble12@webs.com,Male
40,Gilly,gcromb13@godaddy.com,Female
41,Adda,atresler14@youtube.com,Female
42,Gizela,gjurca15@wisc.edu,Female
43,Madelene,msilverthorne16@irs.gov,Female
44,Giraldo,gdotson17@drupal.org,Male
45,Moll,msarton18@psu.edu,Female
46,Jaynell,jmaccoveney19@forbes.com,Female
47,Beatrisa,bloach1a@bravesites.com,Female
48,Kalle,kcurreen1b@ebay.co.uk,Male
49,Kendrick,krichten1c@amazonaws.com,Male
50,Jammie,jcrafts1d@digg.com,Female
51,Cassandra,chasted1e@slideshare.net,Female
52,Dorine,dsanches1f@indiegogo.com,Female
53,Bryn,bhandes1g@cmu.edu,Male
54,Guido,gadrain1h@nps.gov,Male
55,Allyce,atheuff1i@blogger.com,Female
56,Griz,gpaffitt1j@surveymonkey.com,Male
57,Joellyn,jhelliar1k@google.co.jp,Female
58,Laurella,ledmondson1l@chicagotribune.com,Female
59,Kayle,klawrenson1m@google.de,Female
60,Danita,dlaguerre1n@cbc.ca,Female
61,Veronika,vscyner1o@ed.gov,Female
62,Kerk,ksabater1p@meetup.com,Male
63,Melva,mbeecroft1q@mit.edu,Female
64,Derrik,dcasewell1r@eepurl.com,Male
65,Wendie,wloxley1s@samsung.com,Female
66,Gawain,gblackater1t@nytimes.com,Male
67,Deina,dcouve1u@diigo.com,Female
68,Laverna,ljoanic1v@shop-pro.jp,Female
69,Kathryn,kstyant1w@europa.eu,Polygender
70,Ursola,uhussell1x@bandcamp.com,Female
71,Jack,jmaciaszek1y@cbsnews.com,Male
72,Reed,rrichardt1z@umich.edu,Male
73,Rebecca,rdelmonte20@usnews.com,Female
74,Skip,srodge21@toplist.cz,Male
75,Arleen,aberens22@samsung.com,Female
76,Putnem,pissett23@wikimedia.org,Genderfluid
77,Teodora,tvilla24@constantcontact.com,Female
78,Carlie,cfarloe25@amazon.de,Female
79,Mickey,mdering26@phoca.cz,Bigender
80,Casi,cjost27@twitpic.com,Female
81,Gael,gpinder28@pinterest.com,Female
82,Mercy,mlamminam29@unesco.org,Female
83,Anissa,apugsley2a@google.com.au,Female
84,Kilian,kponting2b@drupal.org,Male
85,Sidnee,siddison2c@dedecms.com,Male
86,Ulick,ufeatherstone2d@alexa.com,Male
87,Karlik,kamar2e@craigslist.org,Male
88,Benedick,bandrich2f@hp.com,Male
89,Ira,iblazeby2g@youtu.be,Female
90,Eward,ealvarado2h@columbia.edu,Male
91,Ring,rleckie2i@cornell.edu,Male
92,Trevar,tainsby2j@live.com,Male
93,Beverley,berskin2k@purevolume.com,Female
94,Melisse,mstillman2l@alexa.com,Female
95,Layton,llinguard2m@spiegel.de,Male
96,Leodora,lpickervance2n@myspace.com,Female
97,Alethea,alelliott2o@hugedomains.com,Female
98,Sher,slehrmann2p@ed.gov,Non-binary
99,Jennette,jafield2q@census.gov,Female
100,Justis,jbasilone2r@sciencedaily.com,Male
101,Gilli,gfirpo2s@ted.com,Female
102,Celie,craye2t@amazonaws.com,Female
103,Reta,reynald2u@mozilla.com,Agender
104,Allx,afrisby2v@tuttocitta.it,Female
105,Reg,rbillings2w@usa.gov,Male
106,Bailey,bbrabham2x@springer.com,Male
107,Wylie,wkeir2y@tmall.com,Male
108,Humfrey,hharme2z@hostgator.com,Male
109,Carlyle,csodory30@csmonitor.com,Male
110,Knox,kredfern31@wikispaces.com,Male
111,Sher,sstentiford32@cloudflare.com,Female
112,Joanna,jmctiernan33@unc.edu,Female
113,Merci,mfavey34@webnode.com,Female
114,Farris,fbangs35@latimes.com,Male
115,Tedman,tsorsby36@umich.edu,Non-binary
116,Berton,brawlin37@wsj.com,Male
117,Cacilia,cbissatt38@1und1.de,Female
118,Zea,zwilks39@elegantthemes.com,Non-binary
119,Rheta,rscrivener3a@seattletimes.com,Female
120,Francene,fmilburn3b@sciencedirect.com,Female
121,Frances,fvernazza3c@economist.com,Female
122,Cal,crackstraw3d@soup.io,Genderqueer
123,Ainsley,awattam3e@shutterfly.com,Female
124,Wood,wcollerd3f@4shared.com,Male
125,Leodora,lyoungman3g@imgur.com,Female
126,Sibylla,sbrinsden3h@posterous.com,Female
127,Denver,dmckintosh3i@loc.gov,Male
128,Marlyn,mgehrels3j@china.com.cn,Female
129,Clerc,cragge3k@hexun.com,Male
130,Nicola,nhandrahan3l@biblegateway.com,Female
131,Muffin,mcroster3m@shop-pro.jp,Male
132,Jonell,jperrottet3n@ucsd.edu,Female
133,Farlee,flepruvost3o@auda.org.au,Male
134,Nannette,ngrishin3p@gmpg.org,Female
135,Donn,djurca3q@drupal.org,Male
136,Carlin,clownds3r@un.org,Female
137,Randal,rarlidge3s@slate.com,Male
138,Jock,jsanches3t@narod.ru,Male
139,Garrard,gcalver3u@japanpost.jp,Male
140,Fidelity,felliff3v@accuweather.com,Female
141,Halette,hcooksley3w@businessweek.com,Female
142,Kyle,kmealiffe3x@china.com.cn,Female
143,Oliy,ogoodrich3y@mtv.com,Female
144,Donny,dtuckett3z@intel.com,Female
145,Maurita,mtyne40@clickbank.net,Female
146,Chlo,certelt41@chronoengine.com,Genderfluid
147,Fayth,frowney42@mtv.com,Female
148,Imogene,isimmins43@theatlantic.com,Female
149,Jess,jionesco44@statcounter.com,Male
150,Tabatha,tcamilli45@amazonaws.com,Female
151,Doralin,dblampy46@newsvine.com,Female
152,Tamas,tmcbrier47@ibm.com,Male
153,Viole,vvernalls48@bigcartel.com,Female
154,Dinah,dwhales49@youtube.com,Female
155,Vinni,vmacenelly4a@blogs.com,Female
156,Chrystal,cskeeles4b@e-recht24.de,Bigender
157,Roseline,rgowenlock4c@hatena.ne.jp,Female
158,Meir,mtregea4d@mtv.com,Male
159,Banky,btimny4e@aboutads.info,Male
160,Ethelin,ecourtenay4f@merriam-webster.com,Female
161,Cherida,cwildor4g@myspace.com,Female
162,Brod,bspyer4h@bizjournals.com,Male
163,Mil,mbrazener4i@wired.com,Female
164,Zuzana,zmashal4j@wikispaces.com,Female
165,Randy,rrevey4k@buzzfeed.com,Male
166,Padgett,pwalenta4l@google.cn,Male
167,Courtney,ceuston4m@mozilla.org,Male
168,Maxim,mdoreward4n@github.io,Male
169,Devonna,dhearon4o@simplemachines.org,Female
170,Mandi,maves4p@weebly.com,Female
171,Diego,dattenbrow4q@mapy.cz,Male
172,Horton,hfendley4r@statcounter.com,Male
173,Renard,rdomsalla4s@house.gov,Male
174,Augusto,adiantonio4t@barnesandnoble.com,Male
175,Shir,srobe4u@youku.com,Female
176,Zared,zcubbit4v@ft.com,Male
177,Forest,fhampton4w@hostgator.com,Male
178,Ase,adownie4x@ftc.gov,Male
179,Shawn,slang4y@examiner.com,Female
180,Giacomo,gtarrant4z@elpais.com,Male
181,Maisie,mfright50@meetup.com,Female
182,Anny,awretham51@dailymail.co.uk,Female
183,Corly,cmallabone52@simplemachines.org,Female
184,Lynnea,lcastelletto53@gizmodo.com,Female
185,Deny,dmcphater54@meetup.com,Bigender
186,Cherida,channabuss55@amazon.co.jp,Female
187,Jacinta,jclemmett56@cbc.ca,Female
188,Darnell,dmatthiesen57@blogs.com,Male
189,Edouard,enoad58@nhs.uk,Male
190,Bartholemy,biffland59@cbc.ca,Genderfluid
191,Rhys,rciardo5a@twitter.com,Male
192,Laurene,lpeploe5b@blog.com,Female
193,Tuesday,tpettingall5c@buzzfeed.com,Female
194,Sanders,szellmer5d@storify.com,Male
195,Elvera,etrounson5e@imdb.com,Female
196,Felipa,frive5f@skyrock.com,Female
197,Matthias,mmccallum5g@google.de,Male
198,Dolores,dhalgarth5h@utexas.edu,Female
199,Bernie,bcammock5i@ovh.net,Female
200,Bronson,bcammish5j@msn.com,Male
201,Gilemette,gcheney5k@fc2.com,Genderqueer
202,Andris,aedling5l@sina.com.cn,Male
203,Marilyn,mcestard5m@nature.com,Female
204,Matthias,mbanisch5n@tripod.com,Male
205,Lauri,ldoerr5o@craigslist.org,Female
206,Bradney,bpepperrall5p@tinypic.com,Male
207,Maure,mhess5q@zimbio.com,Female
208,Phyllis,pcogar5r@de.vu,Female
209,Dillon,dhalbeard5s@apache.org,Genderqueer
210,Rheta,rannell5t@cnet.com,Female
211,Gladys,ghackin5u@spiegel.de,Female
212,Genevra,gyankishin5v@tamu.edu,Female
213,Juliana,jnussii5w@tuttocitta.it,Female
214,Hannie,hburgwyn5x@mlb.com,Female
215,Terencio,tcannell5y@spiegel.de,Male
216,Anny,adory5z@devhub.com,Female
217,Hildy,hbrenton60@bloglines.com,Female
218,Nicola,nwycliff61@goodreads.com,Female
219,Morgen,msiddon62@com.com,Male
220,Crosby,clitt63@sfgate.com,Male
221,Eartha,escanlin64@soundcloud.com,Female
222,Devonna,dgronav65@miitbeian.gov.cn,Female
223,Vito,vbirds66@studiopress.com,Male
224,Verena,vpithcock67@joomla.org,Polygender
225,Richart,reddie68@soundcloud.com,Male
226,Myrlene,mfrancois69@elegantthemes.com,Female
227,Myranda,mcordery6a@photobucket.com,Female
228,Pincus,pscopham6b@netlog.com,Male
229,May,mmongin6c@sciencedaily.com,Female
230,Johna,jcoyish6d@w3.org,Female
231,Efren,eainslee6e@feedburner.com,Male
232,Charita,cabramov6f@yahoo.co.jp,Female
233,Margarete,mroberti6g@meetup.com,Bigender
234,Chiquia,clorman6h@theguardian.com,Female
235,Chrysler,csherwyn6i@about.com,Bigender
236,Silvio,sdavis6j@cmu.edu,Male
237,Cinderella,chenryson6k@pbs.org,Female
238,Ricoriki,rrimmer6l@csmonitor.com,Male
239,Tiffie,tgeerling6m@addtoany.com,Polygender
240,Godart,gdyka6n@state.gov,Male
241,Pauli,pbattle6o@e-recht24.de,Female
242,Guinevere,gdacre6p@usatoday.com,Genderqueer
243,Rossie,rkhomich6q@springer.com,Male
244,Coop,cmosdall6r@w3.org,Male
245,Sile,sheathfield6s@cpanel.net,Female
246,Karena,kdivell6t@friendfeed.com,Female
247,Jannel,jcastanos6u@forbes.com,Female
248,Bourke,bgouldstraw6v@netlog.com,Male
249,Fanya,fmoughtin6w@bigcartel.com,Female
250,Phylys,pbasilotta6x@goo.gl,Female
251,Erda,ecorradetti6y@mapy.cz,Female
252,Ebba,eeast6z@merriam-webster.com,Female
253,Ali,aduran70@sogou.com,Male
254,Maurits,mpigden71@artisteer.com,Genderqueer
255,Eveline,edodd72@bizjournals.com,Female
256,Friedrich,fgalliard73@samsung.com,Male
257,Courtnay,csaxton74@princeton.edu,Polygender
258,Davidson,dstickells75@mail.ru,Male
259,Clemmie,cmcvey76@hubpages.com,Female
260,Jaye,jpapez77@fastcompany.com,Male
261,Enrica,ehendricks78@feedburner.com,Female
262,Marcie,mhenningham79@sciencedirect.com,Female
263,Orville,ocartmer7a@hatena.ne.jp,Male
264,Shaylah,socheltree7b@studiopress.com,Non-binary
265,Rocky,rhallgalley7c@people.com.cn,Male
266,Austine,asuff7d@livejournal.com,Female
267,Andres,ascarlan7e@ca.gov,Male
268,Chicky,cfoskin7f@lycos.com,Female
269,My,mmisson7g@t.co,Male
270,Brand,bmanley7h@buzzfeed.com,Male
271,Alexio,aswatman7i@deviantart.com,Male
272,Trey,tgoncalo7j@sbwire.com,Polygender
273,Carry,cvockins7k@com.com,Female
274,Buddie,braffon7l@deviantart.com,Male
275,Aleksandr,aduck7m@flavors.me,Male
276,Marion,mlembke7n@irs.gov,Female
277,Stefania,srunacres7o@miibeian.gov.cn,Female
278,Delilah,dbirrell7p@mozilla.org,Female
279,Gale,gczadla7q@ftc.gov,Male
280,Goddart,gloftie7r@51.la,Male
281,Georgianne,gflement7s@go.com,Female
282,Clim,ckurt7t@alibaba.com,Male
283,Bernie,bgiorgi7u@arstechnica.com,Male
284,Germaine,gheynel7v@narod.ru,Female
285,Oliver,obanister7w@imgur.com,Male
286,Arlen,adulin7x@twitpic.com,Female
287,Hedwiga,hpatriche7y@ask.com,Female
288,Jamill,jrestill7z@macromedia.com,Male
289,Harlene,hmumford80@examiner.com,Female
290,Marsha,mvanyashin81@surveymonkey.com,Bigender
291,Corbin,csatterly82@umn.edu,Male
292,Errick,efeast83@mapy.cz,Male
293,Wilfrid,wpilipyak84@eepurl.com,Male
294,Sam,smenendes85@ca.gov,Male
295,Lamar,ldorbin86@intel.com,Male
296,Randolf,rllewelyn87@nsw.gov.au,Male
297,Morena,mbarbe88@deliciousdays.com,Female
298,Dorette,dzold89@yellowpages.com,Bigender
299,Noah,nlishmund8a@ucsd.edu,Male
300,Fallon,fgarraway8b@amazon.co.jp,Female
301,Justin,jmapson8c@mit.edu,Male
302,Marchall,medelmann8d@de.vu,Male
303,Dannel,dbourner8e@cnet.com,Male
304,Rianon,rdmych8f@businessinsider.com,Female
305,Leo,lrandalston8g@ted.com,Male
306,Sloane,sdibley8h@patch.com,Male
307,Arline,adjurevic8i@macromedia.com,Female
308,Katerine,kroyan8j@washington.edu,Female
309,Gannie,gsommerly8k@wordpress.com,Male
310,Cris,cdenore8l@bloglines.com,Male
311,Ugo,uthorrington8m@gnu.org,Male
312,Roarke,rfedoronko8n@jigsy.com,Male
313,Linn,lblann8o@craigslist.org,Female
314,Kissiah,klaurentino8p@cloudflare.com,Female
315,Colet,cerington8q@nsw.gov.au,Male
316,Ricard,rswinbourne8r@youku.com,Male
317,Evvie,esuscens8s@homestead.com,Female
318,Peyter,pfalkingham8t@smugmug.com,Male
319,Mireille,mspradbery8u@altervista.org,Female
320,Carmel,cgoodson8v@shinystat.com,Female
321,Gertrude,gpetchey8w@php.net,Female
322,Atlante,ashanahan8x@yelp.com,Female
323,Vanny,vbaversor8y@irs.gov,Female
324,Dexter,dbarraclough8z@jalbum.net,Male
325,Sawyer,sdufore90@jimdo.com,Male
326,Ramonda,rswannie91@hao123.com,Female
327,Jerrie,jgillinghams92@cyberchimps.com,Male
328,Ruthann,rhorick93@jiathis.com,Female
329,Gwenette,ghrihorovich94@sphinn.com,Female
330,Titos,tgercken95@csmonitor.com,Male
331,Lawton,lrayburn96@studiopress.com,Male
332,Janet,jbruggen97@xing.com,Genderfluid
333,Ange,alabbet98@ask.com,Female
334,Andrej,adoerffer99@issuu.com,Male
335,Winni,wsutlieff9a@blogs.com,Female
336,Robinette,rstripp9b@aol.com,Female
337,Robby,rharcarse9c@ebay.co.uk,Female
338,Patric,prupprecht9d@wikia.com,Male
339,Adelind,aeagers9e@ucla.edu,Female
340,Johnath,jjoselin9f@soundcloud.com,Female
341,Antone,akeld9g@plala.or.jp,Male
342,Hyacinthe,hdowdall9h@walmart.com,Female
343,Dannie,dwilber9i@scientificamerican.com,Female
344,Drugi,drenoden9j@google.com.au,Genderqueer
345,Aida,atanti9k@huffingtonpost.com,Non-binary
346,Jaquelin,jdumbarton9l@reddit.com,Non-binary
347,Arabelle,asheering9m@squarespace.com,Female
348,Niels,nlesper9n@vistaprint.com,Male
349,Emanuel,ekilpatrick9o@tinypic.com,Male
350,Billie,bentwisle9p@bloglines.com,Female
351,Ev,ehalse9q@clickbank.net,Male
352,Bernardina,bgravet9r@ycombinator.com,Non-binary
353,Nananne,nhalso9s@xrea.com,Female
354,Jobey,jfisbburne9t@themeforest.net,Female
355,Gerardo,gstorks9u@zimbio.com,Male
356,Joell,jbeake9v@fc2.com,Female
357,Stewart,swinning9w@kickstarter.com,Male
358,Valaria,vgregon9x@omniture.com,Female
359,Flor,fpope9y@google.nl,Female
360,Zilvia,zioannidis9z@sohu.com,Female
361,Marilee,mseilera0@unblog.fr,Female
362,Fremont,frivesa1@si.edu,Male
363,Bennie,bsalvagea2@google.it,Genderfluid
364,Eustacia,ewalewicza3@e-recht24.de,Female
365,Elysha,ewenningtona4@1688.com,Female
366,Laurena,livanchikova5@netlog.com,Female
367,Papageno,pferrarelloa6@aboutads.info,Male
368,Dennis,dkyffina7@nytimes.com,Bigender
369,Clemence,cmeiklama8@example.com,Female
370,Gerrie,gdoudnya9@xing.com,Female
371,Maryellen,mboninaa@ft.com,Female
372,Godard,gscowcroftab@mysql.com,Male
373,Cilka,cclaraeac@bing.com,Female
374,Hillier,htradewellad@ustream.tv,Male
375,Delila,dedinboroae@amazon.de,Genderqueer
376,Charmane,cbirchenoughaf@netscape.com,Female
377,Jaimie,jshilstonag@soundcloud.com,Non-binary
378,Denny,dpyerah@yellowpages.com,Female
379,Therine,tfeldmarkai@hhs.gov,Female
380,Justus,jcowlingaj@elpais.com,Male
381,Stanislaw,seliasenak@ucla.edu,Male
382,Jeralee,jboodellal@skyrock.com,Female
383,Amalita,amcinilityam@simplemachines.org,Female
384,Katti,ksmeallan@hostgator.com,Female
385,Leeanne,lrozzellao@shinystat.com,Female
386,Davie,dmaffeyap@imdb.com,Non-binary
387,Benjamin,bmarlowaq@tmall.com,Male
388,Cyndie,cdandreaar@constantcontact.com,Female
389,Alon,abarffordas@ft.com,Male
390,Frasquito,fthornhillat@hud.gov,Male
391,Emanuele,eschleswigholsteinau@loc.gov,Male
392,Vinny,vdonizeauav@microsoft.com,Female
393,Heath,hfowleaw@cdbaby.com,Male
394,Alexandre,ajerdonax@amazon.com,Male
395,Candra,cgrandinay@xing.com,Non-binary
396,Lona,lchaudrelleaz@engadget.com,Female
397,Erick,espadonib0@spiegel.de,Male
398,Thaddeus,tcrostonb1@tmall.com,Male
399,Ker,kmabbuttb2@list-manage.com,Genderqueer
400,Winifield,wrapleyb3@unblog.fr,Male
401,Alan,acoldbreathb4@ihg.com,Male
402,Scarlett,swooffb5@weebly.com,Female
403,Demetri,dwitardb6@clickbank.net,Male
404,Desdemona,dbeidebekeb7@nasa.gov,Female
405,Maridel,mroutleyb8@cargocollective.com,Bigender
406,Land,lthameb9@dyndns.org,Male
407,Happy,hgrebertba@dagondesign.com,Polygender
408,Tasha,tmacilorybb@discovery.com,Female
409,Lizette,lstanislawbc@ehow.com,Female
410,Johan,jacresbd@si.edu,Male
411,Blair,bpountainbe@msu.edu,Female
412,Fritz,fgolsworthybf@nih.gov,Male
413,Tomlin,tboswellbg@sun.com,Male
414,Edd,ehuntingdonbh@hc360.com,Male
415,Noach,ncambdenbi@umich.edu,Male
416,Abbie,ahartleburybj@java.com,Male
417,Ashla,afulkesbk@wunderground.com,Female
418,Wynne,webanksbl@acquirethisname.com,Genderqueer
419,Eugene,ehurseybm@tripod.com,Male
420,Susana,sconibeerbn@drupal.org,Female
421,Lindsey,lzealanderbo@artisteer.com,Male
422,Francine,follinbp@webmd.com,Female
423,Laura,lashwinbq@ed.gov,Female
424,Cosme,chousbybr@blogs.com,Male
425,Lorianna,lbuckelbs@hubpages.com,Female
426,Trueman,tdrewesbt@alexa.com,Male
427,Edithe,eknaggesbu@ning.com,Female
428,Spense,schazierbv@accuweather.com,Male
429,Josie,jbaggettbw@virginia.edu,Polygender
430,Bari,bbrackstonebx@cnbc.com,Female
431,Delcine,dtuerby@yahoo.com,Female
432,Joni,jfinessybz@sogou.com,Female
433,Kassandra,klazarec0@bloglovin.com,Female
434,Tessy,tcoultonc1@gmpg.org,Female
435,Gerladina,gricoldc2@smugmug.com,Female
436,Siward,ssimlac3@technorati.com,Male
437,Blanca,bgellandc4@xrea.com,Female
438,Milli,msmorfitc5@phpbb.com,Polygender
439,Fianna,feisigc6@seattletimes.com,Female
440,Marlon,melmorec7@berkeley.edu,Male
441,Rosabelle,rtonbridgec8@about.me,Female
442,Tynan,tscrogginsc9@fc2.com,Male
443,Theda,twarnockca@pagesperso-orange.fr,Non-binary
444,Corney,cindecb@chicagotribune.com,Male
445,Crawford,cmurrockcc@sitemeter.com,Male
446,Orran,odunscd@sourceforge.net,Male
447,Hazel,hbowkettce@hao123.com,Female
448,Nichole,ncoslettcf@army.mil,Agender
449,Coleen,ckundertcg@cornell.edu,Female
450,Tedmund,tshowlch@amazon.com,Male
451,Cassy,cluisci@theatlantic.com,Female
452,Dianemarie,dallwardcj@psu.edu,Polygender
453,Florry,fwayneck@toplist.cz,Female
454,Clair,cscimonecl@senate.gov,Female
455,Harmonie,hgoftoncm@msu.edu,Non-binary
456,Ravid,rburnesscn@nytimes.com,Male
457,Brooks,bmaltco@symantec.com,Female
458,Carmella,cmalenoircp@jugem.jp,Female
459,Maribel,mnewnscq@nhs.uk,Female
460,Sibylle,swebermanncr@rediff.com,Female
461,Katy,kfordhamcs@mapquest.com,Female
462,Blakelee,bclearyct@mapy.cz,Female
463,Morly,mdonetcu@jiathis.com,Genderfluid
464,Damita,dgutanscv@goo.gl,Female
465,Morty,mdunkerkcw@un.org,Male
466,Lamont,lpetrellocx@storify.com,Male
467,Barry,bpelerincy@washington.edu,Male
468,Devon,dmiddlemistcz@facebook.com,Female
469,Antonina,apechelld0@blogtalkradio.com,Female
470,Brynna,bspawforthd1@wikispaces.com,Female
471,Caldwell,chighmand2@xinhuanet.com,Male
472,Kit,kagglioned3@dagondesign.com,Female
473,Giselbert,gchiesed4@miitbeian.gov.cn,Male
474,Glenda,grafed5@elegantthemes.com,Female
475,Martha,mprattingtond6@google.nl,Female
476,Florence,fmckyrrellyd7@tinyurl.com,Female
477,Rey,rspurgeond8@senate.gov,Female
478,Simon,svintend9@google.com.br,Male
479,Eliza,ebazyletsda@moonfruit.com,Female
480,Albie,aspringdb@lulu.com,Male
481,Murvyn,mgooderridgedc@bloglines.com,Male
482,Tessa,tduffettdd@edublogs.org,Female
483,Ray,rhadinghamde@hc360.com,Polygender
484,Karyl,khardistrydf@hostgator.com,Female
485,Sylvester,sfarquarsondg@dailymail.co.uk,Male
486,Casper,cmaccrossandh@amazon.de,Male
487,Armand,acaesmansdi@phoca.cz,Male
488,Lynea,llewisdj@soundcloud.com,Female
489,Jerry,jcomstydk@dot.gov,Male
490,Cullen,cdrewettdl@wufoo.com,Male
491,Eleonora,edamettidm@elegantthemes.com,Female
492,Bernardo,bbedindn@trellian.com,Male
493,Donnamarie,dmeelanddo@blinklist.com,Female
494,Giusto,ggerdingdp@geocities.jp,Male
495,Ame,astandidgedq@sitemeter.com,Female
496,Dulcea,driolfodr@cargocollective.com,Female
497,Cariotta,cprestageds@paginegialle.it,Female
498,Dayna,dwaszkiewiczdt@networkadvertising.org,Female
499,Kylila,kchatresdu@wiley.com,Female
500,Theo,tgronauerdv@google.it,Male
501,Pace,pinskippdw@last.fm,Agender
502,Latia,lvieldx@soup.io,Female
503,Lacie,ldinisdy@nsw.gov.au,Female
504,Hunfredo,hdowerdz@lulu.com,Male
505,Marigold,mboswarde0@altervista.org,Female
506,Lemar,larchdecknee1@sbwire.com,Male
507,Kerry,kchidlere2@patch.com,Male
508,Joe,jdefewe3@bbb.org,Male
509,Enrichetta,eboyne4@uol.com.br,Female
510,Dugald,divshine5@desdev.cn,Male
511,Brooke,beyee6@sfgate.com,Female
512,Leonore,lcashine7@statcounter.com,Female
513,Shellysheldon,swhileye8@alibaba.com,Male
514,Bunny,bvandrille9@buzzfeed.com,Female
515,Curry,cbispoea@live.com,Male
516,Marty,msimonardeb@nhs.uk,Female
517,Bearnard,bpeaseec@utexas.edu,Male
518,Melissa,mvelteed@weebly.com,Female
519,Nikaniki,nbradfordee@godaddy.com,Female
520,Clareta,ccoyleef@senate.gov,Female
521,Fey,fputteg@mayoclinic.com,Female
522,Flori,fjumonteh@cornell.edu,Female
523,Salomon,slidbetterei@netlog.com,Male
524,Marten,mcleatonej@desdev.cn,Male
525,Hestia,hmounceek@msn.com,Female
526,Florenza,fqueyeiroel@desdev.cn,Female
527,Sissy,stomlettem@blogger.com,Female
528,Fawne,fchattocken@kickstarter.com,Female
529,Maurene,mstaplefordeo@digg.com,Female
530,Johnathon,jshailerep@g.co,Male
531,Daryn,dguntoneq@1und1.de,Female
532,Ingaborg,ihaleer@canalblog.com,Female
533,Myrtice,mthextones@istockphoto.com,Female
534,Davide,dfrottonet@theglobeandmail.com,Male
535,Edgardo,emaxweelleu@utexas.edu,Male
536,Leonard,lrousellev@sbwire.com,Male
537,Alyosha,aburchillew@spiegel.de,Bigender
538,Sheena,stinlineex@naver.com,Female
539,Cammie,cmarpleey@google.com.hk,Female
540,Tani,ttrenemanez@t-online.de,Female
541,Shermy,sbadderf0@tamu.edu,Male
542,Bruis,bstickelsf1@trellian.com,Male
543,Rock,rcottrellf2@state.tx.us,Male
544,Angele,asegrottf3@accuweather.com,Female
545,Jenica,jboysonf4@naver.com,Agender
546,Kyle,kcandlishf5@reuters.com,Female
547,Flem,frodgersonf6@go.com,Male
548,Errol,egodfreyf7@addtoany.com,Genderqueer
549,Kenna,kpattinif8@usgs.gov,Female
550,Eve,eabarrowf9@si.edu,Female
551,Heloise,hlancleyfa@over-blog.com,Female
552,Joeann,joriginfb@zdnet.com,Female
553,Naoma,njoirefc@google.co.uk,Female
554,Orland,oorhtmannfd@reference.com,Male
555,Alana,anerneyfe@adobe.com,Female
556,Elihu,ecaldecourtff@taobao.com,Male
557,Rebeka,rtindleyfg@washington.edu,Female
558,Hersch,hwagstafffh@yahoo.com,Male
559,Brent,bbradnockefi@phpbb.com,Male
560,Winna,wcadamyfj@cbc.ca,Female
561,Ashlee,arickellfk@cam.ac.uk,Female
562,Marja,mtirtefl@google.ca,Female
563,Dunstan,dbarleyfm@latimes.com,Male
564,Caesar,crulefn@parallels.com,Male
565,Sonya,sfilipowiczfo@bloomberg.com,Female
566,Hunter,hsakinsfp@buzzfeed.com,Male
567,Brandie,beasterbrookfq@aol.com,Female
568,Nathaniel,ngobelfr@baidu.com,Male
569,Abbie,apirniefs@usgs.gov,Male
570,Pen,pchampnissft@issuu.com,Male
571,Hyacinthie,hsimionescufu@webmd.com,Female
572,Reggis,rrapsonfv@infoseek.co.jp,Male
573,Cos,cgurgfw@elpais.com,Male
574,Matthias,mdillicatefx@about.me,Male
575,Cesare,cgonningfy@yelp.com,Male
576,Horatia,hleabeaterfz@yellowpages.com,Female
577,Barbe,bferbyg0@cbslocal.com,Genderfluid
578,Madelene,mmeddg1@arizona.edu,Female
579,Salvador,skilmisterg2@businessinsider.com,Male
580,Dion,dcanizaresg3@is.gd,Female
581,Antin,ahardakerg4@ucsd.edu,Male
582,Valma,vwillsg5@a8.net,Female
583,Bonnie,bhackingg6@com.com,Female
584,Gregory,gboyerg7@usda.gov,Genderfluid
585,Effie,eeadieg8@columbia.edu,Female
586,Dill,drudyardg9@abc.net.au,Male
587,Marcile,mbesantga@marketwatch.com,Female
588,Darell,dmityukovgb@cyberchimps.com,Female
589,Guthrey,gsinkingsgc@wiley.com,Male
590,Noel,ngoodlifegd@merriam-webster.com,Female
591,Pauli,pwiszniewskige@zdnet.com,Female
592,Aigneis,agatelandgf@nyu.edu,Female
593,Kari,kdahlbomgg@whitehouse.gov,Agender
594,Valaria,vmuldowneygh@altervista.org,Female
595,Queenie,qwilmoregi@webs.com,Genderqueer
596,Clara,cclemintonigj@go.com,Bigender
597,Grethel,geddlestongk@google.co.uk,Genderqueer
598,Marcile,mnoonangl@vkontakte.ru,Genderqueer
599,Dallas,doakergm@acquirethisname.com,Female
600,Tiffy,tpayegn@mac.com,Female
601,Terrijo,tdovergo@slashdot.org,Female
602,Floria,fbuntengp@123-reg.co.uk,Female
603,Blane,bhedaugq@walmart.com,Male
604,Lamond,lfurzegr@uiuc.edu,Agender
605,Sebastiano,sleabeatergs@yahoo.com,Male
606,Edik,ebroggiogt@lulu.com,Male
607,Sydelle,srussegu@disqus.com,Female
608,Herve,hrategv@list-manage.com,Non-binary
609,Ahmed,agerrietzgw@sakura.ne.jp,Male
610,Selena,ssumblergx@amazon.co.jp,Female
611,Agretha,abrockestgy@nationalgeographic.com,Female
612,Dennison,dmackartangz@google.com.br,Male
613,Kristos,kcarlsenh0@nps.gov,Male
614,Susi,smorstatth1@shutterfly.com,Female
615,Ibbie,ibilamh2@webnode.com,Female
616,Barby,bmcmanamonh3@si.edu,Female
617,Monti,mropckeh4@army.mil,Male
618,Arlee,aburgish5@bbb.org,Female
619,Dulci,dbezzanth6@upenn.edu,Female
620,Cristin,creolfih7@google.de,Female
621,Karyl,kdingleh8@amazon.com,Female
622,Emlyn,epeasegoodh9@trellian.com,Male
623,Nehemiah,nmortellha@si.edu,Male
624,Gene,gmayorhb@parallels.com,Female
625,Mirella,mwozencrafthc@sfgate.com,Genderqueer
626,Hyacinthie,hdiemhd@cisco.com,Female
627,Salaidh,scovellhe@intel.com,Female
628,Kyle,kwaterdrinkerhf@clickbank.net,Male
629,Yves,ycoattshg@engadget.com,Genderqueer
630,Ibrahim,igrossmanhh@miibeian.gov.cn,Bigender
631,Edythe,edoylandhi@craigslist.org,Female
632,Bevvy,bivershj@tripadvisor.com,Female
633,Cookie,chowshk@de.vu,Female
634,Filberte,frontschhl@slate.com,Male
635,Daloris,dberridgehm@princeton.edu,Female
636,Irena,ibroxtonhn@fema.gov,Female
637,Hagen,hklulikho@cbsnews.com,Male
638,Kettie,krenyardhp@census.gov,Female
639,Mada,mjordihq@slashdot.org,Agender
640,Catlee,cbesterhr@newyorker.com,Female
641,Evin,emallindinehs@de.vu,Male
642,Barton,bcowderoyht@cbslocal.com,Male
643,Dahlia,dbaudichonhu@auda.org.au,Female
644,Mary,mzorrohv@omniture.com,Female
645,Clary,ctowhw@wix.com,Female
646,Stephannie,sgodmerhx@si.edu,Female
647,Ari,aoconnellhy@europa.eu,Male
648,Jamal,jgentreauhz@comsenz.com,Male
649,Phebe,pbewleyi0@globo.com,Female
650,Larina,lseegeri1@loc.gov,Female
651,Elana,eaimi2@about.me,Female
652,Ruby,rcarrigani3@google.com.br,Male
653,Gerald,gdudderidgei4@princeton.edu,Male
654,Jorgan,jpeteri5@discovery.com,Male
655,Helge,habraharti6@furl.net,Female
656,Etienne,evassanoi7@apache.org,Male
657,Roderick,rgimbretti8@npr.org,Male
658,Cort,cbakeupi9@mapy.cz,Male
659,Arie,aledesia@clickbank.net,Male
660,Dillie,draoultib@opera.com,Male
661,Hilarius,hcorneliussenic@livejournal.com,Male
662,Alphard,atinkid@fda.gov,Male
663,Cristabel,clampertiie@usatoday.com,Female
664,Rorke,rrosterneif@home.pl,Male
665,Greggory,gmalatalantig@nymag.com,Male
666,Wallace,wleedsih@tinypic.com,Male
667,Barry,bdelcastelii@uiuc.edu,Female
668,Abbye,ajuraij@jugem.jp,Non-binary
669,Eadie,ebolsoverik@ihg.com,Female
670,Kalle,kdimmockil@naver.com,Male
671,Dedra,dgledstaneim@merriam-webster.com,Female
672,Arron,abamforthin@wikispaces.com,Male
673,Cass,ctreagusio@tinyurl.com,Male
674,Esdras,ejacobovitzip@princeton.edu,Male
675,Elianore,elawlessiq@msu.edu,Female
676,Robbie,rbrazelir@wufoo.com,Female
677,Kim,khaskellis@bbb.org,Male
678,Deane,dpiggremit@mozilla.com,Female
679,Lionel,lstanilandiu@tuttocitta.it,Male
680,Ashby,alyddyardiv@ebay.co.uk,Male
681,Kirbee,knavarijoiw@unesco.org,Female
682,Kimbra,kbembriggix@spotify.com,Female
683,Kimberli,ksibbonsiy@blinklist.com,Female
684,Lia,ltillotiz@ihg.com,Female
685,Rhoda,rbedellj0@sohu.com,Female
686,Bebe,btroreyj1@histats.com,Female
687,Loni,ldorranj2@scientificamerican.com,Female
688,Lianne,lleyfieldj3@alexa.com,Female
689,Jere,jfildej4@fotki.com,Male
690,Rance,revelynj5@diigo.com,Male
691,Bertram,bbezzantj6@oracle.com,Male
692,Casar,clidbetterj7@bbb.org,Male
693,Steven,ssimsj8@addtoany.com,Male
694,Yvon,yharleyj9@theatlantic.com,Male
695,Humbert,hburganja@apache.org,Male
696,Hazel,hfindenjb@trellian.com,Male
697,Judd,jreltonjc@icq.com,Male
698,Carlene,charcasejd@mail.ru,Female
699,Bink,bbannerje@google.nl,Male
700,Davis,dkeslakejf@washington.edu,Male
701,Curran,clamploughjg@yelp.com,Male
702,Neal,ntonnesenjh@163.com,Male
703,Jerrold,jgandleyji@redcross.org,Male
704,Fransisco,flossmanjj@w3.org,Male
705,Jarvis,jburnandjk@vkontakte.ru,Male
706,Susi,sashurstjl@biglobe.ne.jp,Female
707,Christy,ccohanejm@washington.edu,Male
708,Tami,tfisbyjn@themeforest.net,Genderfluid
709,Piggy,pgilbridejo@hubpages.com,Male
710,Kellen,kdredgejp@elpais.com,Female
711,Leola,lcromleyjq@imdb.com,Female
712,Loy,lgheorghiejr@spotify.com,Male
713,Tyson,tgundryjs@theatlantic.com,Male
714,Seth,sdundonjt@geocities.com,Male
715,Tanhya,tdecentju@arizona.edu,Female
716,Christian,ccuppittjv@baidu.com,Male
717,Woody,wingjw@gmpg.org,Male
718,Bennett,bholbyjx@fotki.com,Male
719,Axe,acatfordjy@vkontakte.ru,Male
720,Umeko,uburburyjz@phoca.cz,Female
721,Maighdiln,mcurnnokkk0@facebook.com,Female
722,Chrystel,ccohrsk1@skyrock.com,Female
723,Kirsti,kblessedk2@dot.gov,Female
724,Lizzy,lwinterscalek3@jalbum.net,Female
725,Chloe,cormistonk4@netscape.com,Female
726,Oswell,olandesk5@pbs.org,Male
727,Carola,cpriestnallk6@taobao.com,Female
728,Scarlett,sfehnersk7@blogs.com,Female
729,Emelyne,ebonhillk8@epa.gov,Genderfluid
730,Jozef,junsteadk9@yale.edu,Male
731,Venita,vmicheletka@omniture.com,Female
732,Jackelyn,jvalancekb@statcounter.com,Female
733,Dawna,dzumbuschkc@over-blog.com,Female
734,Gayla,gfarrenskd@elpais.com,Female
735,Cornelius,cseniorke@clickbank.net,Male
736,Perle,plebrunkf@squarespace.com,Female
737,Nealon,nfrankeskg@ameblo.jp,Male
738,Karel,kbeckerskh@seattletimes.com,Male
739,Boonie,bbedberryki@yolasite.com,Male
740,Culley,cfilyushkinkj@bigcartel.com,Male
741,Tobie,tarkleykk@spiegel.de,Male
742,Cullie,charneskl@hud.gov,Male
743,Sheela,smachenkm@xing.com,Female
744,Lenci,lolufsenkn@ucoz.ru,Male
745,Artair,alepageko@feedburner.com,Male
746,Virgilio,vreidekp@cocolog-nifty.com,Male
747,Wes,wbromeheadkq@storify.com,Male
748,Gustav,ggoreisrkr@weibo.com,Male
749,Sonia,smacmeekanks@unblog.fr,Female
750,Joelle,jwagerkt@vistaprint.com,Female
751,Nevins,nfalconarku@webmd.com,Male
752,Tabby,tcackettkv@blogspot.com,Male
753,Gene,geeleskw@wordpress.com,Female
754,Junina,jitzikkx@adobe.com,Female
755,Krysta,kbulleneky@ucoz.ru,Female
756,Duff,dticknerkz@npr.org,Male
757,Carissa,cchildersl0@ted.com,Female
758,Nomi,nbroschl1@mysql.com,Female
759,Goldia,gcakel2@drupal.org,Female
760,Rodrick,rloffheadl3@bloglovin.com,Male
761,Gunner,gcamusl4@sourceforge.net,Male
762,Shepperd,scameratil5@mlb.com,Male
763,Benn,bmuskettl6@illinois.edu,Male
764,Francois,fcummingl7@accuweather.com,Male
765,Laryssa,lcaldwalll8@freewebs.com,Genderqueer
766,Artair,askylettl9@ameblo.jp,Agender
767,Fredrika,fexerla@google.de,Female
768,Penelope,psteinhamlb@wiley.com,Female
769,Devonne,droosonlc@mayoclinic.com,Female
770,Ursala,upeekld@yahoo.com,Agender
771,Arabele,aforbearle@dmoz.org,Female
772,Tito,talawaylf@discuz.net,Male
773,Bartlett,bstpaullg@jalbum.net,Male
774,Jannel,jchurcherlh@skyrock.com,Female
775,Alleen,agisburnli@qq.com,Female
776,Jeremiah,jurlinglj@infoseek.co.jp,Male
777,Hadria,hjoelk@ocn.ne.jp,Female
778,Maud,mhillbornell@sogou.com,Polygender
779,Shelby,schrismaslm@mail.ru,Male
780,Towney,thysomln@yellowbook.com,Male
781,Emily,ereedlo@barnesandnoble.com,Female
782,Sherline,shardingelp@state.tx.us,Female
783,Herculie,hwhymarklq@wunderground.com,Male
784,Shanta,sugonilr@dell.com,Female
785,Owen,ojennemannls@wp.com,Male
786,Averil,awestcarlt@icio.us,Female
787,Glori,gkinnocklu@sogou.com,Female
788,Heath,hwrightimlv@cam.ac.uk,Female
789,Cleve,chowleslw@nbcnews.com,Bigender
790,Emyle,edeeproselx@opera.com,Female
791,Leeland,ldreakinly@rediff.com,Male
792,Hasheem,helielz@slashdot.org,Male
793,Genevieve,gbavridgem0@yahoo.com,Female
794,Del,dstalmanm1@zdnet.com,Agender
795,Roman,rdallym2@uiuc.edu,Male
796,Scotti,ssimkinsm3@g.co,Male
797,Sigfrid,slinsteadm4@opera.com,Male
798,Neda,nmuldrewm5@blogger.com,Female
799,Teddie,tkeavem6@fda.gov,Male
800,Ruben,rvitlerm7@businessinsider.com,Male
801,Kerrin,kyakubowiczm8@google.ca,Female
802,Webb,wletertrem9@skyrock.com,Male
803,Meggie,mheamsma@biglobe.ne.jp,Female
804,Arabele,aperillomb@discuz.net,Female
805,Cliff,cskermemc@discuz.net,Male
806,Nikolos,nstedellmd@theglobeandmail.com,Male
807,Ophelia,ojohniganme@tripod.com,Female
808,Hollie,hceccolimf@flavors.me,Female
809,Tailor,tbalsilliemg@nbcnews.com,Male
810,Ike,iibbettmh@skyrock.com,Polygender
811,Magdalen,mknutsenmi@smh.com.au,Female
812,Nana,nladellmj@zimbio.com,Female
813,Anna,aladbrookmk@wsj.com,Female
814,Melissa,miianonml@buzzfeed.com,Female
815,Granville,gmikalskimm@cdc.gov,Male
816,Lizette,lcamismn@bravesites.com,Polygender
817,Roselle,rleffekmo@gov.uk,Female
818,Xena,xnisbymp@rakuten.co.jp,Female
819,Penni,pgwillyammq@fotki.com,Female
820,Iago,icawtmr@theatlantic.com,Male
821,Ingar,ikavems@gnu.org,Male
822,Devy,dwilmottmt@pbs.org,Male
823,Westleigh,wdearesmu@simplemachines.org,Male
824,Chester,cpercymv@comsenz.com,Male
825,Moselle,msiegemw@army.mil,Female
826,Alexandr,adrayemx@nhs.uk,Male
827,Malva,mgazemy@virginia.edu,Female
828,Concettina,cmullinsmz@facebook.com,Female
829,Beth,bpettendrichn0@hhs.gov,Female
830,Marcellus,mchristoffen1@creativecommons.org,Male
831,Leese,lhalson2@ft.com,Female
832,Holly,hwoolvinn3@archive.org,Non-binary
833,Jeno,jbarbrickn4@hhs.gov,Male
834,Jannel,jfranssenn5@java.com,Female
835,Alphard,agorgesn6@apple.com,Male
836,Rebekah,rosmentn7@odnoklassniki.ru,Female
837,Emmery,etretheweyn8@1und1.de,Male
838,Myles,mfeatherstonehaughn9@posterous.com,Male
839,Briney,bwansburyna@php.net,Female
840,Ailene,anetherwoodnb@so-net.ne.jp,Female
841,Sayre,sflecknonc@aol.com,Male
842,Naomi,napperleynd@imageshack.us,Female
843,Francklyn,fvossgenne@marketwatch.com,Male
844,Lexine,lhaycoxnf@ted.com,Female
845,Massimo,mpickburnng@wikia.com,Male
846,Philippine,pphebeenh@techcrunch.com,Female
847,Yelena,yhadekeni@seesaa.net,Polygender
848,Eldredge,ebenthamnj@joomla.org,Male
849,Hillery,hroncink@yale.edu,Male
850,Elias,egreystokenl@a8.net,Male
851,Terrye,tduckhousenm@illinois.edu,Female
852,Dyanne,dfilipczynskinn@elpais.com,Female
853,Kandy,kpocockeno@noaa.gov,Genderqueer
854,Violante,vfowlenp@dot.gov,Female
855,Shadow,smountstephennq@si.edu,Male
856,Wilmar,wchambersnr@google.ru,Male
857,Karmen,kskitchns@surveymonkey.com,Female
858,Ambrose,acresseynt@php.net,Male
859,Hailey,hhaddocknu@ifeng.com,Male
860,Nellie,nsalesnv@si.edu,Female
861,Ardath,ahoutennw@homestead.com,Female
862,Kai,kboonnx@elegantthemes.com,Female
863,Pascal,pflanniganny@globo.com,Male
864,Reid,rwoollamnz@rambler.ru,Male
865,Jimmie,jhymaso0@fda.gov,Male
866,Jane,jdelacroixo1@timesonline.co.uk,Female
867,Friedrich,fprinno2@spotify.com,Male
868,Ethelred,earnizo3@washington.edu,Male
869,Gustave,gruppertzo4@tamu.edu,Male
870,Raimundo,rdugmoreo5@stumbleupon.com,Male
871,Moll,mseabrookeo6@netlog.com,Female
872,Annice,acoulbecko7@reuters.com,Female
873,Chelsea,cwrightimo8@diigo.com,Female
874,Garv,gshellshearo9@tuttocitta.it,Male
875,Dore,dironsoa@reverbnation.com,Genderfluid
876,Tades,tdebruyneob@blog.com,Male
877,George,ghoveoc@nyu.edu,Male
878,Edee,ehesserod@w3.org,Female
879,Richy,rthurstonoe@dailymail.co.uk,Male
880,Tyrus,tanstissof@spiegel.de,Male
881,Margalo,mnoyeog@wsj.com,Genderfluid
882,Dagny,dconvilleoh@etsy.com,Male
883,Delano,dstebbinoi@miibeian.gov.cn,Male
884,Aigneis,ahickissonoj@java.com,Bigender
885,Emmott,elarwoodok@cloudflare.com,Male
886,Julio,jtennickol@whitehouse.gov,Male
887,Tyrus,tworsellom@ebay.com,Non-binary
888,Alvera,amustardon@nature.com,Female
889,Hedvig,hsansoo@netvibes.com,Female
890,Norman,nwashingtonop@github.com,Male
891,Avram,amalcolmsonoq@theglobeandmail.com,Male
892,Abran,amackallor@networkadvertising.org,Male
893,Osbert,ohastleros@cafepress.com,Male
894,Ellary,ekinnyot@infoseek.co.jp,Male
895,Angil,aibbisonou@thetimes.co.uk,Agender
896,Starla,smerchantov@rediff.com,Female
897,Ody,ofawderyow@sakura.ne.jp,Male
898,Georgeanne,gshieberox@wiley.com,Polygender
899,Melina,mbotterilloy@vistaprint.com,Female
900,Marla,mhayhoeoz@artisteer.com,Female
901,Garrott,ghuglinp0@sitemeter.com,Male
902,Niels,nbuttenp1@etsy.com,Male
903,Ursulina,ugarrp2@fotki.com,Female
904,Roland,rduellp3@shinystat.com,Male
905,Tan,twaleworkep4@nps.gov,Male
906,Regine,rwoodworthp5@qq.com,Female
907,Aldus,arawoodp6@fda.gov,Male
908,Sara-ann,sgersonp7@nhs.uk,Genderqueer
909,Mel,mloransp8@oracle.com,Male
910,Nils,ntomsp9@nhs.uk,Genderqueer
911,Garfield,ggeraultpa@cyberchimps.com,Male
912,Jareb,jaddersonpb@dailymotion.com,Male
913,Chadwick,cfilipyevpc@histats.com,Male
914,Bucky,bwraithpd@nhs.uk,Polygender
915,Marwin,mgarlingpe@unicef.org,Male
916,Siffre,ssleithpf@t-online.de,Male
917,Larry,ltorriepg@cafepress.com,Male
918,Carline,cstillph@dropbox.com,Female
919,Osbert,otortispi@so-net.ne.jp,Male
920,Torrin,tswinpj@reddit.com,Male
921,Liliane,llucpk@digg.com,Agender
922,Rachelle,rketchpl@live.com,Female
923,Elladine,erandalsonpm@msu.edu,Female
924,Veronike,vsydrypn@weibo.com,Female
925,Stirling,scolquytepo@google.com,Male
926,Vivia,vandripp@spiegel.de,Female
927,Nana,nlaguerrepq@shinystat.com,Female
928,Reynard,rsnawdenpr@springer.com,Male
929,Mikol,mdimnageps@jigsy.com,Male
930,Lorianna,lcoonihanpt@yolasite.com,Female
931,Brandice,bartrickpu@skype.com,Female
932,Gallagher,glynepv@umn.edu,Male
933,Jazmin,jbaudypw@blogspot.com,Female
934,Ulrika,upetrashkovpx@slashdot.org,Female
935,Deane,dmallinsonpy@wikispaces.com,Male
936,Rebecka,rmacgowpz@google.com.br,Female
937,Laney,ltunnaq0@ucla.edu,Male
938,Clotilda,cgleavesq1@1und1.de,Female
939,Avis,aklouzq2@earthlink.net,Female
940,Trudie,tlawlingq3@wikipedia.org,Female
941,Simon,sadrainq4@mediafire.com,Male
942,Malchy,mdanitq5@auda.org.au,Male
943,Carny,cgreenwellq6@networkadvertising.org,Male
944,Norton,nruscoeq7@tinypic.com,Male
945,Dougie,djaslemq8@mac.com,Male
946,Cherin,ckleinhausenq9@biglobe.ne.jp,Female
947,Pennie,pcreeberqa@yale.edu,Male
948,Genna,gericssonqb@ustream.tv,Female
949,Mattias,meustonqc@miibeian.gov.cn,Male
950,Salmon,sgristockqd@edublogs.org,Male
951,Eberhard,egellettqe@is.gd,Male
952,Cornell,cmollinqf@theguardian.com,Male
953,Christian,cedmundqg@mapquest.com,Male
954,Aksel,alehuquetqh@sbwire.com,Genderfluid
955,Andris,avasilchenkoqi@1688.com,Male
956,Adelbert,amatthiesenqj@histats.com,Male
957,Quill,qruggierqk@illinois.edu,Male
958,Korney,khinzerql@wix.com,Female
959,Hermione,hmantramqm@reference.com,Female
960,Darbee,dbeloeqn@ox.ac.uk,Male
961,Tildi,tnewbyqo@goo.ne.jp,Female
962,Malcolm,mklimpkeqp@scientificamerican.com,Male
963,Nadiya,nmacsorleyqq@washington.edu,Female
964,Araldo,apearlmanqr@usda.gov,Male
965,Josy,jodellqs@people.com.cn,Female
966,Gasparo,gpittockqt@joomla.org,Male
967,Bonnibelle,bpatkinqu@state.gov,Female
968,Sherry,spummeryqv@toplist.cz,Female
969,Larissa,lrosevearqw@npr.org,Female
970,Ashbey,ageddisqx@nps.gov,Genderqueer
971,Lance,ltofanoqy@simplemachines.org,Male
972,Astra,amclagganqz@bravesites.com,Agender
973,Udell,uthurlbyr0@cbc.ca,Male
974,Derry,dbuckenhamr1@pbs.org,Male
975,Dean,drollasonr2@boston.com,Male
976,Bordie,bdominickr3@privacy.gov.au,Male
977,Grantley,gspowardr4@imdb.com,Genderqueer
978,Lauryn,llenever5@newyorker.com,Female
979,Lilias,lchateletr6@dropbox.com,Female
980,Scarlet,ssuggr7@zimbio.com,Female
981,Vinnie,vhassettr8@edublogs.org,Male
982,Milty,mpellr9@instagram.com,Male
983,Terence,tshaylorra@feedburner.com,Male
984,Jethro,jmardlerb@w3.org,Male
985,Yuma,ydecavillerc@google.com.au,Male
986,Gayel,glidgertonrd@google.pl,Female
987,Janene,jboardmanre@usatoday.com,Female
988,Renie,rcarillorf@webnode.com,Female
989,Khalil,kbreenrg@last.fm,Bigender
990,Jenelle,jbrientrh@google.ca,Polygender
991,Vivie,vizakoffri@scribd.com,Female
992,Elsi,edionsettirj@discovery.com,Female
993,Karyl,kgeytonrk@canalblog.com,Genderqueer
994,Sal,spaddingdonrl@earthlink.net,Female
995,Clarine,cantoniazzirm@springer.com,Female
996,Klarrisa,kskedgellrn@latimes.com,Female
997,Karin,karkillro@squarespace.com,Bigender
998,Alverta,achellenhamrp@redcross.org,Female
999,Chelsae,clowndesrq@ameblo.jp,Genderfluid
1000,Maison,mfriaryrr@mapquest.com,Male
